"Dynamic Send: Asset Title","Archived Date","Product","Sub-Region","Original Industry","Product Interest","Producer","Region","Country","Language","Contact Type","Company Size","Industry"
"How to gain visibility and insights into your Salesforce data with Event Monitor","5/2/2026","Platform","United States","","Platform","Sara Miller","AMER","United States","English","Customer; Prospect","SBE; SB; GRB; MM; GB; EBU",""
"Security Center Demo","4/15/2026","Platform","United States","","Platform","Sara Miller","AMER","United States","English","Customer","MM; GB; EBU",""
"Event Monitoring Demo","4/28/2026","Platform","United States","","Platform","Sara Miller","AMER","United States","English","Customer","GRB; MM; GB; EBU",""
"On-Demand Webinar - Master the B2B Digital Buying Experience","4/24/2026","Commerce B2B","United States","","Agentforce Commerce; Commerce B2B","Ryan See","AMER","United States","English","Customer; Prospect","SBE; SB; GRB; MM; GB; EBU",""
"On-Demand Webinar - Master the B2B Digital Buying Experience","4/24/2026","Commerce B2B","United States","","","Ryan See","AMER","United States","English","Customer; Prospect","SBE; SB; GRB; MM; GB; EBU","Retail & CG"
"On-Demand Webinar - Master the B2B Digital Buying Experience (MAE)","4/24/2026","Commerce B2B","United States","","","Ryan See","AMER","United States","English","Customer; Prospect","SBE; SB; GRB; MM; GB; EBU","Manufacturing, Automotive & Energy"
"On-Demand Webinar - Preparing for the Holidays Starts Now","5/9/2026","Agentforce Commerce","United States","","Agentforce Commerce","Ryan See","AMER","United States","English","Customer; Prospect","SBE; SB; GRB; MM; GB; EBU",""
"On-Demand Webinar - Preparing for the Holidays Starts Now (Retail)","5/9/2026","Agentforce Commerce","United States","","","Ryan See","AMER","United States","English","Customer; Prospect","SBE; SB; GRB; MM; GB; EBU","Retail & CG"
"On-Demand Webinar - Preparing for the Holidays Starts Now (CG)","5/9/2026","Agentforce Commerce","United States","","","Ryan See","AMER","United States","English","Customer; Prospect","SBE; SB; GRB; MM; GB; EBU","Retail & CG"
"Unlock Partner Revenue with Data and AI","5/14/2026","Sales Cloud PRM","United States","","Agentforce Sales; Sales Cloud PRM","Natalie Melnick","AMER","United States","English","Customer; Prospect","SBE; SB; GRB; MM; GB; EBU",""
"Inside State of Sales: Top Benefits ? and Biggest Adoption Hurdles ? of AI","4/13/2026","Agentforce Sales","United States","","Agentforce Revenue Management; Agentforce Sales; Einstein AI; Sales Cloud PRM; Salesforce Maps","Natalie Melnick","AMER","United States","English","Customer; Prospect","SBE; SB; GRB; MM; GB; EBU",""
"Improve Forecast Accuracy and Close Pipeline with AI-Powered Analytics","6/4/2026","Agentforce Sales","United States","","Agentforce Sales; CRM Analytics; Einstein AI","Natalie Melnick","AMER","United States","English","Customer; Prospect","SB; GRB; MM; GB; EBU",""
"Trends in Partner Selling","5/15/2026","Sales Cloud PRM","United States","","Agentforce Sales; Einstein AI; Sales Cloud PRM","Natalie Melnick","AMER","United States","English","Customer; Prospect","GRB; MM; GB; EBU",""
"ALM Demo","5/22/2026","Platform","United States","","Platform","Ryan See","AMER","United States","English","Customer","MM; GB; EBU",""
"Sales Compensation Manager's Toolkit","5/1/2026","SPIFF","United States","","Agentforce Revenue Management; Agentforce Sales; Salesforce Maps; SPIFF","Natalie Melnick","AMER","United States","English","Customer; Prospect","SBE; SB; GRB; MM; GB; EBU",""
"The Seller Experience Handbook","5/1/2026","SPIFF","United States","","Agentforce Sales; Salesforce Maps; SPIFF","Natalie Melnick","AMER","United States","English","Customer; Prospect","SBE; SB; GRB; MM; GB; EBU",""
"Sales Data Demo Playlist","5/1/2026","Agentforce Sales","United States","","Agentforce Sales; CRM Analytics; Data 360; Einstein AI","Natalie Melnick","AMER","United States","English","Customer; Prospect","SBE; SB; GRB; MM; GB; EBU",""
"Gartner Magic Quadrant 2024","5/27/2026","Agentforce Commerce","United States","","Agentforce Commerce; Commerce B2B","Ryan See","AMER","United States","English","Customer; Prospect","SBE; SB; GRB; MM; GB; EBU",""
"On-Demand ASA SFS Operations Webinar - Prospect","6/9/2026","Agentforce Field Service","United States","","Agentforce Field Service","Natalie Leung","AMER","United States","English","Prospect","MM; GB",""
"Agentforce Sales Coach Demo","5/15/2026","Agentforce Sales","United States","","Agentforce Sales; Data 360; Einstein AI; Einstein Voice; Salesforce Maps","Natalie Melnick","AMER","United States","English","Customer; Prospect","SBE; SB; GRB; MM; GB; EBU",""
"Admin Tips for Managing Trusted, Scalable Data for Agentforce","4/14/2026","Trusted Services","United States","","Trusted Services","Karin Cayia","AMER","United States","English","Customer; Prospect","SBE; SB; GRB; MM; GB; EBU",""
"Shield Platform Encryption Datasheet","4/14/2026","Trusted Services","United States","","Trusted Services","Karin Cayia","AMER","United States","English","Customer; Prospect","SBE; SB; GRB; MM; GB; EBU",""
"Agentforce for Sales Customer Lookbook - VTT","4/16/2026","Agentforce Sales","United States","","Agentforce; Agentforce Sales; Data 360; Einstein AI","Natalie Melnick","AMER","United States","English","Customer; Prospect","SBE; SB; GRB; MM; GB; EBU",""
"3/18 Hight Tech in Comms On-Demand Webinar - Customer","6/2/2026","Agentforce Service","United States","","","Ray Liang","AMER","United States","English","Customer","SBE; SB; GRB; MM; GB; EBU","High Tech"
"3/19 Staffing & Recruiting On-Demand Webinar - Customer","6/2/2026","Agentforce","United States","","","Ray Liang","AMER","United States","English","Customer","GRB; MM; GB; EBU","Professional Services"
"3/25 Agentforce in Telecommunication On-Demand Webinar - Prospect","6/2/2026","Agentforce","United States","","","Ray Liang","AMER","United States","English","Prospect","SBE; SB; GRB; MM; GB; EBU","Communications & Media"
"3/19 Staffing & Recruiting On-Demand Webinar - Prospect","6/2/2026","Agentforce","United States","","","Ray Liang","AMER","United States","English","Prospect","GRB; MM; GB; EBU","Professional Services"
"3/25 Agentforce in Telecommunication On-Demand Webinar - Customer","6/2/2026","Agentforce","United States","","","Ray Liang","AMER","United States","English","Customer","SBE; SB; GRB; MM; GB; EBU","Communications & Media"
"On-Demand Webinar | 5 Sales Programs To Ignite Seller Productivity","5/24/2026","Agentforce Sales","United States","","","Sara Miller","AMER","United States","English","Customer; Prospect","SBE; SB; GRB; MM; GB; EBU","High Tech"
"How Salesforce is Transforming its Sales Organization with Agentforce","4/25/2026","Agentforce Sales","United States","","Agentforce; Agentforce Sales; Sales Performance Management","Natalie Melnick","AMER","United States","English","Customer; Prospect","GRB; MM; GB; EBU",""
"Energy & Utilities Agentforce Demo","4/28/2026","Agentforce","United States","","","Natalie Leung","AMER","United States","English","Customer; Prospect","SB; GRB; MM; GB; EBU","Manufacturing, Automotive & Energy"
"Data Leaders 25","5/12/2026","Trusted Services","United States","","Trusted Services","Karin Cayia","AMER","United States","English","Customer; Prospect","SBE; SB; GRB; MM; GB; EBU",""
"4/22:[VOD]:TS-Roadmap-CA","5/9/2026","Trusted Services","Canada","","Trusted Services","Ryan See","AMER","Canada","English","Customer; Prospect","GRB; GB; EBU",""
"4/22:[VOD]:TS-Roadmap-TechIND-US","5/9/2026","Trusted Services","United States","","","Ryan See","AMER","United States","English","Customer; Prospect","GRB; GB; EBU","High Tech"
"11/13/24 Field Service On Demand Webinar","5/9/2026","Agentforce Field Service","United States","","","Natalie Leung","AMER","United States","English","Customer; Prospect","MM","Manufacturing, Automotive & Energy"
"CA On-Demand Web - Master the B2B Digital Buying Experience (HLS)","5/28/2026","Commerce B2B","Canada","","","Melissa Dryer","AMER","Canada","English","Customer; Prospect","SBE; SB; GRB; MM; GB; EBU","Healthcare & Life Sciences"
"[4/30/2025] Marketing Webinar | Agentforce & the AI Agent Revolution","4/30/2026","Marketing Cloud","United States","","Marketing Cloud; Marketing Cloud (Social); Marketing Cloud Account Engagement; Marketing Cloud Intelligence","Melissa Dryer","AMER","United States","English","Customer; Prospect","SB; GRB; MM; GB; EBU",""
"[US M-Pr] [4/30/2025] Marketing Webinar | Agentforce & the AI Agent Revolution","4/30/2026","Marketing Cloud","United States","","Multi-Product","Melissa Dryer","AMER","United States","English","Customer; Prospect","SB; GRB; MM; GB; EBU",""
"Agentforce for Field Service Demo - Customer","5/15/2026","Agentforce Field Service","United States","","","Natalie Leung","AMER","United States","English","Customer","SB; GRB; MM; GB; EBU","Manufacturing, Automotive & Energy"
"Agentforce for Field Service Demo - Prospect","5/15/2026","Agentforce Field Service","United States","","","Natalie Leung","AMER","United States","English","Prospect","SB; GRB; MM; GB; EBU","Manufacturing, Automotive & Energy"
"CA_Data Leaders 25","5/16/2026","Trusted Services","Canada","","Trusted Services","Karin Cayia","AMER","Canada","English","Customer; Prospect","SBE; SB; GRB; MM; GB; EBU",""
"CA_How to Minimize Data Risks at Scale Guide","5/16/2026","Trusted Services","Canada","","Trusted Services","Karin Cayia","AMER","Canada","English","Customer; Prospect","SBE; SB; GRB; MM; GB; EBU",""
"CA-Admin Tips for Managing Trusted, Scalable Data for Agentforce","5/16/2026","Trusted Services","Canada","","Trusted Services","Karin Cayia","AMER","Canada","English","Customer; Prospect","SBE; SB; GRB; MM; GB; EBU",""
"[5/13/25] MC Webinar | Critical Keys to Email Deliverability & Engagement","5/22/2026","Marketing Cloud","United States","","Marketing Cloud","Melissa Dryer","AMER","United States","English","Customer; Prospect","SB; GRB; MM; GB; EBU",""
"[5/13/25] CC Webinar | B2C Commerce: Your Roadmap to Growth and Innovation","5/22/2026","Agentforce Commerce","United States","","Agentforce Commerce","Melissa Dryer","AMER","United States","English","Customer; Prospect","SB; GRB; MM; GB; EBU",""
"The Real Cost of Data Downtime and How It Can Stall Innovation","5/26/2026","Trusted Services","United States","","Trusted Services","Karin Cayia","AMER","United States","English","Customer; Prospect","SBE; SB; GRB; MM; GB; EBU",""
"3 Rs of Modern Data Resilience","5/23/2026","Trusted Services","United States","","Trusted Services","Karin Cayia","AMER","United States","English","Customer; Prospect","SBE; SB; GRB; MM; GB; EBU",""
"CA - Backup & Recover Datasheet","5/23/2026","Trusted Services","Canada","","Trusted Services","Karin Cayia","AMER","Canada","English","Customer; Prospect","SBE; SB; GRB; MM; GB; EBU",""
"CA - Trusted Services Solutions Brief","5/30/2026","Trusted Services","Canada","","Trusted Services","Karin Cayia","AMER","Canada","English","Customer; Prospect","SBE; SB; GRB; MM; GB; EBU",""
"CA - Archive Datasheet","5/30/2026","Trusted Services","Canada","","Trusted Services","Karin Cayia","AMER","Canada","English","Customer; Prospect","SBE; SB; GRB; MM; GB; EBU",""
"CA - Data Mask & Seed Datasheet","5/30/2026","Trusted Services","Canada","","Trusted Services","Karin Cayia","AMER","Canada","English","Customer; Prospect","SBE; SB; GRB; MM; GB; EBU",""
"CA - Shield Datasheet","6/6/2026","Trusted Services","Canada","","Trusted Services","Karin Cayia","AMER","Canada","English","Customer; Prospect","SBE; SB; GRB; MM; GB; EBU",""
"CA - Security Center Datasheet","6/6/2026","Trusted Services","Canada","","Trusted Services","Karin Cayia","AMER","Canada","English","Customer; Prospect","SBE; SB; GRB; MM; GB; EBU",""
"CA - Shield Field Audit Trail","6/6/2026","Trusted Services","Canada","","Trusted Services","Karin Cayia","AMER","Canada","English","Customer; Prospect","SBE; SB; GRB; MM; GB; EBU",""
"The Real Cost of Data Downtime and How It Can Stall Innovation","6/9/2026","Trusted Services","Canada","","Trusted Services","Karin Cayia","AMER","Canada","English","Customer; Prospect","SBE; SB; GRB; MM; GB; EBU",""
"[6/26/25] MC Webinar | The Summer '25 Marketing Cloud Release Panel","5/13/2026","Marketing Cloud","United States","","Marketing Cloud; Marketing Cloud (Social); Marketing Cloud Account Engagement; Marketing Cloud Intelligence","Melissa Dryer","AMER","United States","English","Customer; Prospect","SBE; SB; GRB; MM; GB; EBU",""
"Sandbox Datasheet","5/22/2026","Platform","United States","","Platform","Ryan See","AMER","United States","English","Customer","MM; GB; EBU",""
"DevOps Center Demo","5/27/2026","Platform","United States","","Platform","Ryan See","AMER","United States","English","Customer","MM; EBU",""
"Platform Encryption Demo","5/22/2026","Platform","United States","","Platform","Ryan See","AMER","United States","English","Customer","SBE; SB; GRB; MM; GB; EBU",""
"7/8/25 Holiday Predictions Webinar","5/11/2026","Marketing Cloud","Canada","","","Hassan Khider","AMER","Canada","English","Customer; Prospect","SB; GRB; MM; GB; EBU","Retail & CG"
"AI, CRM, & Automation: The Manufacturer's Toolkit for Powerful Channel Strategy","5/8/2026","Sales Cloud PRM","United States","","Agentforce Manufacturing; Sales Cloud PRM","Ray Liang","AMER","United States","English","Customer; Prospect","SB; GRB; MM; GB; EBU",""
"FY26 Gartner MG Field Service (Prospect)","6/9/2026","Agentforce Field Service","United States","","Agentforce Field Service","Natalie Leung","AMER","United States","English","Prospect","GRB; MM; GB; EBU",""
"FY26 Gartner MG Field Service (Customer)","6/9/2026","Agentforce Field Service","United States","","Agentforce Field Service","Natalie Leung","AMER","United States","English","Customer","GRB; MM; GB; EBU",""
"FY26 IDC Waters Case Study","5/28/2026","Agentforce Field Service","United States","","Agentforce Field Service","Natalie Leung","AMER","United States","English","Customer; Prospect","GRB; MM; GB; EBU",""
"FY26 Field Service Demo (Customer)","6/9/2026","Agentforce Field Service","United States","","Agentforce Field Service","Natalie Leung","AMER","United States","English","Customer","GRB; MM; GB; EBU",""
"FY26 Field Service Demo (Prospect)","6/9/2026","Agentforce Field Service","United States","","Agentforce Field Service","Natalie Leung","AMER","United States","English","Prospect","GRB; MM; GB; EBU",""
"FY26 Agentforce for Field Service Demo (Prospect)","6/9/2026","Agentforce Field Service","United States","","Agentforce Field Service","Natalie Leung","AMER","United States","English","Prospect","GRB; MM; GB; EBU",""
"FY26 Agentforce for Field Service Demo (Customer)","6/9/2026","Agentforce Field Service","United States","","Agentforce Field Service","Natalie Leung","AMER","United States","English","Customer","GRB; MM; GB; EBU",""
"On-Demand: InsideSF:Canada Agentforce Webinar","6/9/2026","Agentforce","Canada","","Agentforce","Hassan Khider","AMER","Canada","English","Customer; Prospect","SBE; SB; GRB; MM; GB; EBU",""
"4/22:[VOD]:TS-Roadmap-TechIND-CA - New Targeting","5/9/2026","Trusted Services","Canada","","","Ryan See","AMER","Canada","English","Customer; Prospect","GRB; GB; EBU","High Tech"
"4/22:[VOD]:TS-Roadmap-US - New Targeting","5/9/2026","Trusted Services","United States","","Trusted Services","Ryan See","AMER","United States","English","Customer; Prospect","GRB; GB; EBU",""
"On-Demand: AI In Action DSE","6/9/2026","Agentforce","Canada","","Agentforce; Agentforce Sales; Agentforce Service; Data 360; Einstein AI","Hassan Khider","AMER","Canada","English","Customer; Prospect","SBE; SB; GRB; MM; GB; EBU",""
"Agentforce + Sales Programs Demo CAN DSE","6/9/2026","Agentforce Sales","Canada","","Agentforce Sales","Hassan Khider","AMER","Canada","English","Customer; Prospect","SB; GRB; MM; GB; EBU",""
"4/22 Platform Webinar: Agentforce 360 Platform Roadmap: Build and Secure Your En","4/23/2026","Platform","United States","","Platform","Ryan See","AMER","United States","English","Customer; Prospect","SBE; SB; GRB; MM; GB; EBU",""
"4/22 Platform Webinar: Agentforce 360 Platform Roadmap: Build and Secure Your En","4/23/2026","Platform","Canada","","Platform","Ryan See","AMER","Canada","English","Customer; Prospect","SBE; SB; GRB; MM; GB; EBU",""
"Contact Center Demo Channel Asset - GDGC Service Cloud","4/20/2026","Agentforce Service","United States","","Agentforce Service","Natalie Leung","AMER","United States","English","Customer; Prospect","MM; GB; EBU",""
"8/12 On-Demand Webinar: Contact Center","4/20/2026","Agentforce Service","United States","","Agentforce Service; Service Cloud Essentials","Natalie Leung","AMER","United States","English","Customer; Prospect","MM; GB; EBU",""
"ODW: Field Service Made Easy for Growing Businesses","4/20/2026","Agentforce Field Service","United States","","Agentforce Field Service","Natalie Leung","AMER","United States","English","Customer; Prospect","SBE; SB; GRB; MM; GB",""
"IDC Marketscape Field Service Management - Prospect","6/9/2026","Agentforce Service","United States","","Agentforce Field Service; Agentforce Service; Service Cloud Essentials","Ray Liang","AMER","United States","English","Prospect","GRB; MM; GB; EBU",""
"IDC Marketscape Field Service Management - Customer","6/9/2026","Agentforce Service","United States","","Agentforce Field Service; Agentforce Service; Service Cloud Essentials","Natalie Leung","AMER","United States","English","Customer","GRB; MM; GB; EBU",""
"4/15 Service Cloud Webinar - FINS Offer","4/16/2026","Agentforce Service","United States","","","Natalie Leung","AMER","United States","English","Customer; Prospect","SBE; SB; GRB; MM; GB; EBU","Financial Services"
"4/15 Service Cloud Webinar - Manufacturing: Energy & Utilities Offer","4/16/2026","Agentforce Service","United States","","","Natalie Leung","AMER","United States","English","Customer; Prospect","SBE; SB; GRB; MM; GB; EBU","Manufacturing, Automotive & Energy"
"4/15 Service Cloud Webinar - From Interaction to Resolution with an Agentic AI C","4/16/2026","Agentforce Service","United States","","Agentforce Service; Service Cloud Essentials","Natalie Leung","AMER","United States","English","Customer; Prospect","SBE; SB; GRB; MM; GB; EBU",""
"4/15 Service Cloud Webinar - Retail Offer (IT & Service Job Function Only)","4/16/2026","Agentforce Service","United States","","","Natalie Leung","AMER","United States","English","Customer; Prospect","SBE; SB; GRB; MM; GB; EBU","Retail & CG"
"4/15 Service Cloud Webinar - Canada Offer","4/16/2026","Agentforce Service","Canada","","Agentforce Service; Service Cloud Essentials","Natalie Leung","AMER","Canada","English","Customer; Prospect","SBE; SB; GRB; MM; GB; EBU",""
"4/15 Service Cloud Webinar - Comms & Media Offer","4/16/2026","Agentforce Service","United States","","","Natalie Leung","AMER","United States","English","Customer; Prospect","SBE; SB; GRB; MM; GB; EBU","Communications & Media"
"4/15 Service Cloud Webinar - ProServ Engineering, Accounting, Research Offer","4/16/2026","Agentforce Service","United States","","","Natalie Leung","AMER","United States","English","Customer; Prospect","SBE; SB; GRB; MM; GB; EBU","Professional Services"
"4/15 Service Cloud Webinar - ProServ Legal Services Offer","4/16/2026","Agentforce Service","United States","","","Natalie Leung","AMER","United States","English","Customer; Prospect","SBE; SB; GRB; MM; GB; EBU","Professional Services"
"4/15 Service Cloud Webinar - Manufacturing Offer","4/16/2026","Agentforce Service","United States","","","Natalie Leung","AMER","United States","English","Customer; Prospect","SBE; SB; GRB; MM; GB; EBU","Manufacturing, Automotive & Energy"
"4/21 MC Webinar: 3 Ways to Accelerate your Pipeline with Agentforce Marketing","4/22/2026","Marketing Cloud","United States","","Marketing Cloud; Marketing Cloud (Social); Marketing Cloud Account Engagement; Marketing Cloud Intelligence","Melissa Dryer","AMER","United States","English","Customer; Prospect","SBE; SB; GRB; MM; GB; EBU",""
"4/29 Field Service Webinar - ECRE Offer","4/30/2026","Agentforce Field Service","United States","","","Natalie Leung","AMER","United States","English","Customer; Prospect","SBE; SB; GRB; MM; GB; EBU","Engineering, Construction, & Real Estate"
"4/29 Field Service Webinar - Comms Offer","4/30/2026","Agentforce Field Service","United States","","","Natalie Leung","AMER","United States","English","Customer; Prospect","SBE; SB; GRB; MM; GB; EBU","Communications & Media"
"4/29 Field Service Webinar - FINS Insurance Offer","4/30/2026","Agentforce Field Service","United States","","","Natalie Leung","AMER","United States","English","Customer; Prospect","SBE; SB; GRB; MM; GB; EBU","Financial Services"
"4/29 Field Service Webinar - How Agentforce Powers the Next Generation of Mobile","4/30/2026","Agentforce Field Service","United States","","Agentforce Field Service; Service Cloud Essentials","Natalie Leung","AMER","United States","English","Customer; Prospect","SBE; SB; GRB; MM; GB; EBU",""
"4/29 Field Service Webinar - MFG Offer","4/30/2026","Agentforce Field Service","United States","","","Natalie Leung","AMER","United States","English","Customer","SBE; SB; GRB; MM; GB; EBU","Manufacturing, Automotive & Energy"
"4/29 Field Service Webinar - Canada Offer","4/30/2026","Agentforce Field Service","Canada","","Agentforce Field Service; Service Cloud Essentials","Natalie Leung","AMER","Canada","English","Customer; Prospect","SBE; SB; GRB; MM; GB; EBU",""
"4/15 SPIFF Webinar - Canada Offer","4/16/2026","SPIFF","Canada","","Agentforce Revenue Management; Sales Performance Management; SPIFF","Ray Liang","AMER","Canada","English","Customer; Prospect","SBE; SB; GRB; MM; GB; EBU",""
"4/15 SPIFF Webinar - Commissions Reimagined: How Salesforce Unified Incentives f","4/13/2026","SPIFF","United States","","Agentforce Revenue Management; Sales Performance Management; SPIFF","Ray Liang","AMER","United States","English","Customer; Prospect","SBE; SB; GRB; MM; GB; EBU",""
"4/16 Commerce Webinar: Optimize Your Ecommerce Site for LLM Traffic: Breaking Do","4/17/2026","Agentforce Commerce","United States","","Agentforce Commerce","Melissa Dryer","AMER","United States","English","Customer; Prospect","SBE; SB; GRB; MM; GB; EBU",""
"4/16 Commerce Webinar: Optimize Your Ecommerce Site for LLM Traffic: Breaking Do","4/17/2026","Agentforce Commerce","Canada","","Agentforce Commerce","Melissa Dryer","AMER","Canada","English","Customer; Prospect","SBE; SB; GRB; MM; GB; EBU",""
"4/23 Agentforce Revenue Management Webinar - Eliminate the ""Messy Middle"" of Bil","4/24/2026","Agentforce Revenue Management","United States","","Agentforce Revenue Management; Salesforce Billing; Salesforce CPQ","Ray Liang","AMER","United States","English","Customer; Prospect","GRB; MM; GB; EBU",""
"4/23 Agentforce Revenue Management Webinar - Canada Offer","4/24/2026","Agentforce Revenue Management","Canada","","Agentforce Revenue Management; Salesforce Billing; Salesforce CPQ","Ray Liang","AMER","Canada","English","Customer; Prospect","GRB; MM; GB; EBU",""
"4/21 MC Webinar: 3 Ways to Accelerate your Pipeline with Agentforce Marketing","4/22/2026","Marketing Cloud","Canada","","Marketing Cloud; Marketing Cloud (Social); Marketing Cloud Account Engagement; Marketing Cloud Intelligence","Melissa Dryer","AMER","Canada","English","Customer; Prospect","SBE; SB; GRB; MM; GB; EBU",""
"FY27_Q2_GFM_Agentforce_effective-ai-agent-checklist_DSE","4/15/2026","Agentforce","United States","","Agentforce","Raluca Oltean-Revel","AMER","United States","English","Customer; Prospect","SBE; SB; GRB; MM; GB; EBU",""
"FY27_Q2_GFM_Agentforce_IDC_DSE","4/14/2026","Agentforce","United States","","Agentforce","Raluca Oltean-Revel","AMER","United States","English","Customer; Prospect","GRB; MM; GB; EBU",""
"FY27_Q2_GFM_Agentforce_IDC_DSE","4/14/2026","Agentforce","Canada","","Agentforce","Raluca Oltean-Revel","AMER","Canada","English","Customer; Prospect","GRB; MM; GB; EBU",""
"FY27_Q2_GFM_Agentforce_reliable-ai-agents-guide_DSE","4/15/2026","Agentforce","United States","","Agentforce","Raluca Oltean-Revel","AMER","United States","English","Customer; Prospect","SBE; SB; GRB; MM; GB; EBU",""
"FY27_Q2_GFM_Agentforce_futurum-signal-AI-report_DSE","4/14/2026","Agentforce","United States","","Agentforce","Raluca Oltean-Revel","AMER","United States","English","Customer; Prospect","SBE; SB; GRB; MM; GB; EBU",""
"4/21 Data 360 Webinar:","4/22/2026","Data 360","United States","","Data 360","Sian Desmond","AMER","United States","English","Customer; Prospect","GRB; MM; GB; EBU",""
"4/15 SPIFF Webinar - Updated PPIs","4/16/2026","SPIFF","United States","","Agentforce Revenue Management; Agentforce Sales; Salesforce CPQ; Salesforce Maps; Sales Performance Management; SPIFF","Ray Liang","AMER","United States","English","Customer; Prospect","SBE; SB; GRB; MM; GB; EBU",""
"4/21 Data 360 Webinar - Canada Offer","4/22/2026","Data 360","Canada","","Data 360","Sian Desmond","AMER","Canada","English","Customer; Prospect","SBE; SB; GRB; MM; GB; EBU",""
"5/13 Marketing Webinar: A Marketer?s Guide to the Summer ?26 Release","5/14/2026","Marketing Cloud","United States","","Marketing Cloud; Marketing Cloud (Social); Marketing Cloud Account Engagement; Marketing Cloud Intelligence","Melissa Dryer","AMER","United States","English","Customer; Prospect","SBE; SB; GRB; MM; GB; EBU",""
"5/12 Agentforce Webinar - What's New & What's Next with Agentforce","5/13/2026","Agentforce","United States","","Agentforce","Sian Desmond","AMER","United States","English","Customer; Prospect","SBE; SB; GRB; MM; GB; EBU",""
"5/12 Agentforce Webinar - Canada Offer","5/13/2026","Agentforce","Canada","","Agentforce","Sian Desmond","AMER","Canada","English","Customer; Prospect","SBE; SB; GRB; MM; GB; EBU",""
"5/19 Platform Webinar - Canada Offer","5/22/2026","Platform","Canada","","Platform; Trusted Services","Ryan See","AMER","Canada","English","Customer; Prospect","MM; GB; EBU",""
"5/19 Platform Webinar - Salesforce on Salesforce: Protecting Our Data as ""Custom","5/22/2026","Platform","United States","","Platform; Trusted Services","Ryan See","AMER","United States","English","Customer; Prospect","MM; GB; EBU",""
"5/21 Service Webinar - Generic CA Offer","5/22/2026","Agentforce Service","Canada","","Agentforce Service; Service Cloud Essentials","Natalie Leung","AMER","Canada","English","Customer; Prospect","SBE; SB; GRB; MM; GB; EBU",""
"5/21 Service Webinar - Generic US Offer","5/22/2026","Agentforce Service","United States","","Agentforce Service; Service Cloud Essentials","Natalie Leung","AMER","United States","English","Customer; Prospect","SBE; SB; GRB; MM; GB; EBU",""
"5/21 Service Webinar - MAE Oil & Gas Offer","5/22/2026","Agentforce Service","United States","","","Natalie Leung","AMER","United States","English","Customer; Prospect","SBE; SB; GRB; MM; GB; EBU","Manufacturing, Automotive & Energy"
"5/21 Service Webinar - MAE Utilities Offer","5/22/2026","Agentforce Service","United States","","","Natalie Leung","AMER","United States","English","Customer; Prospect","SBE; SB; GRB; MM; GB; EBU","Manufacturing, Automotive & Energy"
"5/21 Service Webinar - Professional Services Offer","5/22/2026","Agentforce Service","United States","","","Natalie Leung","AMER","United States","English","Customer; Prospect","SBE; SB; GRB; MM; GB; EBU","Professional Services"
"5/21 Service Webinar - TTH Offer","5/22/2026","Agentforce Service","United States","","","Natalie Leung","AMER","United States","English","Customer; Prospect","SBE; SB; GRB; MM; GB; EBU","Travel, Transportation, & Hospitality"
"5/21 Service Webinar - FINS Banking Offer","5/22/2026","Agentforce Service","United States","","","Natalie Leung","AMER","United States","English","Customer; Prospect","SBE; SB; GRB; MM; GB; EBU","Financial Services"
"5/21 Service Webinar - FINS Insurance Offer","5/22/2026","Agentforce Service","United States","","","Natalie Leung","AMER","United States","English","Customer; Prospect","SBE; SB; GRB; MM; GB; EBU","Financial Services"
"5/21 Service Webinar - FINS Wealth & Asset Management Offer","5/22/2026","Agentforce Service","United States","","","Natalie Leung","AMER","United States","English","Customer; Prospect","SBE; SB; GRB; MM; GB; EBU","Financial Services"
"5/21 Service Webinar - HLS Health Plans Offer","5/22/2026","Agentforce Service","United States","","","Natalie Leung","AMER","United States","English","Customer; Prospect","SBE; SB; GRB; MM; GB; EBU","Healthcare & Life Sciences"
"5/21 Service Webinar - HLS Providers Offer","5/22/2026","Agentforce Service","United States","","","Natalie Leung","AMER","United States","English","Customer; Prospect","SBE; SB; GRB; MM; GB; EBU","Healthcare & Life Sciences"
"5/21 Service Webinar - Retail Offer","5/8/2026","Agentforce Service","United States","","","Natalie Leung","AMER","United States","English","Customer; Prospect","SBE; SB; GRB; MM; GB; EBU","Retail & CG"
"5/19 B2B Commerce Webinar: The Future of B2B Commerce: New Innovation Powering C","5/22/2026","Commerce B2B","United States","","Agentforce Revenue Management; Agentforce Sales","Melissa Dryer","AMER","United States","English","Customer; Prospect","MM; GB; EBU",""
"5/19 B2B Commerce Webinar: The Future of B2B Commerce: New Innovation Powering C","5/22/2026","Commerce B2B","United States","","Agentforce Commerce; Commerce B2B","Melissa Dryer","AMER","United States","English","Customer; Prospect","MM; GB; EBU",""
"5/13 Data 360 Webinar - Stop Waiting. Start Building ? Deploy Reliable AI Agents","5/14/2026","Data 360","United States","","Agentforce; Data 360","Sian Desmond","AMER","United States","English","Customer; Prospect","SBE; SB; GRB; MM; GB; EBU",""
"5/13 Data 360 Webinar - Canada Offer","5/14/2026","Data 360","Canada","","Agentforce; Data 360","Sian Desmond","AMER","Canada","English","Customer; Prospect","SBE; SB; GRB; MM; GB; EBU",""
"5/21 Service Webinar - Comms & Media Offer","5/22/2026","Agentforce Service","United States","","","Natalie Leung","AMER","United States","English","Customer; Prospect","SBE; SB; GRB; MM; GB; EBU","Communications & Media"
"5/28 Agentforce Revenue Management Webinar - What?s New in Summer ?26","5/29/2026","Agentforce Revenue Management","United States","","Agentforce Revenue Management; Agentforce Sales; Salesforce Billing; Salesforce CPQ","Ray Liang","AMER","United States","English","Customer; Prospect","SBE; SB; GRB; MM; GB; EBU",""
"5/28 Agentforce Revenue Management Webinar - Canada Offer","5/29/2026","Agentforce Revenue Management","Canada","","Agentforce Revenue Management; Agentforce Sales; Salesforce Billing; Salesforce CPQ","Ray Liang","AMER","Canada","English","Customer; Prospect","SBE; SB; GRB; MM; GB; EBU",""
"5/21 Service Webinar - FINS Insurance Offer_JobALL","5/22/2026","Agentforce Service","United States","","","Natalie Leung","AMER","United States","English","Customer; Prospect","SBE; SB; GRB; MM; GB; EBU","Financial Services"
"5/21 Service Webinar - HLS Health Plans_ JobALL","5/22/2026","Agentforce Service","United States","","","Natalie Leung","AMER","United States","English","Customer; Prospect","SBE; SB; GRB; MM; GB; EBU","Healthcare & Life Sciences"
"5/21 Service Webinar - Comms & Media_JobALL","5/22/2026","Agentforce Service","United States","","","Natalie Leung","AMER","United States","English","Customer; Prospect","SBE; SB; GRB; MM; GB; EBU","Communications & Media"
"5/21 Service Webinar - HLS Providers_JobALL","5/22/2026","Agentforce Service","United States","","","Natalie Leung","AMER","United States","English","Customer; Prospect","SBE; SB; GRB; MM; GB; EBU","Healthcare & Life Sciences"
"5/21 Service Webinar - TTH Offer_JobALL","5/22/2026","Agentforce Service","United States","","","Natalie Leung","AMER","United States","English","Customer; Prospect","SBE; SB; GRB; MM; GB; EBU","Travel, Transportation, & Hospitality"
"5/21 Service Webinar - Professional Services Offer_JobALL","5/22/2026","Agentforce Service","United States","","","Natalie Leung","AMER","United States","English","Customer; Prospect","SBE; SB; GRB; MM; GB; EBU","Professional Services"
"5/21 Service Webinar - FINS Banking Offer_JobALL","5/22/2026","Agentforce Service","United States","","","Natalie Leung","AMER","United States","English","Customer; Prospect","SBE; SB; GRB; MM; GB; EBU","Financial Services"
"5/21 Service Webinar - FINS Wealth & Asset Management_JobALL","5/22/2026","Agentforce Service","United States","","","Natalie Leung","AMER","United States","English","Customer; Prospect","SBE; SB; GRB; MM; GB; EBU","Financial Services"
"5/13 Marketing Webinar: A Marketer?s Guide to the Summer ?26 Release","5/14/2026","Marketing Cloud","Canada","","Marketing Cloud; Marketing Cloud (Social); Marketing Cloud Account Engagement; Marketing Cloud Intelligence","Melissa Dryer","AMER","Canada","English","Customer; Prospect","SBE; SB; GRB; MM; GB; EBU",""
"B2B Storefront Tour","5/4/2026","Commerce B2B","United States","","Commerce B2B","Melissa Dryer","AMER","United States","English","Customer; Prospect","MM; GB; EBU",""
"5/19 B2B Commerce Webinar: The Future of B2B Commerce: New Innovation Powering C","5/22/2026","Commerce B2B","Canada","","Agentforce Commerce; Commerce B2B","Melissa Dryer","AMER","Canada","English","Customer; Prospect","MM; GB; EBU",""
"5/19 B2B Commerce Webinar: The Future of B2B Commerce: New Innovation Powering C","5/22/2026","Commerce B2B","Canada","","Agentforce Revenue Management; Agentforce Sales","Melissa Dryer","AMER","Canada","English","Customer; Prospect","MM; GB; EBU",""
"6/4 Field Service Webinar - 3 Ways to Drive More Revenue from Your Field Service","6/5/2026","Agentforce Field Service","United States","","Agentforce Field Service","Natalie Leung","AMER","United States","English","Customer; Prospect","SBE; SB; GRB; MM; GB; EBU",""
"6/4 Field Service Webinar - MAE - Oil & Gas Offer","6/5/2026","Agentforce Field Service","United States","","","Natalie Leung","AMER","United States","English","Customer; Prospect","SBE; SB; GRB; MM; GB; EBU","Manufacturing, Automotive & Energy"
"6/4 Field Service Webinar - Canada Offer","6/5/2026","Agentforce Field Service","Canada","","Agentforce Field Service","Natalie Leung","AMER","Canada","English","Customer; Prospect","SBE; SB; GRB; MM; GB; EBU",""
"6/4 Field Service Webinar - MAE - Manufacturing","6/5/2026","Agentforce Field Service","United States","","","Natalie Leung","AMER","United States","English","Customer; Prospect","SBE; SB; GRB; MM; GB; EBU","Manufacturing, Automotive & Energy"
"6/4 Field Service Webinar - MAE - Utilities Offer","6/5/2026","Agentforce Field Service","United States","","","Natalie Leung","AMER","United States","English","Customer; Prospect","SBE; SB; GRB; MM; GB; EBU","Manufacturing, Automotive & Energy"
"6/4 Field Service Webinar - High Tech Offer","6/5/2026","Agentforce Field Service","United States","","","Natalie Leung","AMER","United States","English","Customer; Prospect","SBE; SB; GRB; MM; GB; EBU","High Tech"
"6/4 Field Service Webinar - Comms & Media","6/5/2026","Agentforce Field Service","United States","","","Natalie Leung","AMER","United States","English","Customer; Prospect","SBE; SB; GRB; MM; GB; EBU","Communications & Media"
"5/19 B2B Commerce Webinar: The Future of B2B Commerce: New Innovation - Expand","5/6/2026","Commerce B2B","United States","","Agentforce Commerce; Commerce B2B","Melissa Dryer","AMER","United States","English","Customer; Prospect","SBE; SB; GRB; MM; GB; EBU",""
"FY27_Q2_GFM_US_Agentforce_grown-ups-guide-to-agents_customer-voice_DSE","5/8/2026","Agentforce","United States","","Einstein Voice","Sian Desmond","AMER","United States","English","Prospect","GRB; MM; GB; EBU",""
"FY27_Q2_GFM_US_Agentforce_grown-ups-guide-to-agents_prospect-voice_DSE","5/8/2026","Agentforce","United States","","Einstein Voice","Sian Desmond","AMER","United States","English","Prospect","GRB; MM; GB; EBU",""
"FY27_Q2_GFM_US_Agentforce_grown-ups-guide-to-agents_prospect-einstein_DSE","5/7/2026","Agentforce","United States","","Einstein Voice","Sian Desmond","AMER","United States","English","Customer","GRB; MM; GB; EBU",""
"FY27 Agentforce Demo Day Pre Event","5/7/2026","Agentforce","United States","","Agentforce","Christopher Stratton","AMER","United States","English","Customer; Prospect","SBE; SB; GRB; MM; GB; EBU",""
"FY27_Q2_Successcloud_Agentforce_5-ways-to-build-confidence_webinar_DSE","5/22/2026","Agentforce","Canada","","Agentforce; Success Cloud","Raluca Oltean-Revel","AMER","Canada","English","Customer; Prospect","SBE; SB; GRB; MM; GB; EBU",""
"FY27_Q2_US_Successcloud_Agentforce_5-ways-to-build-confidence_webinar_DSE","5/22/2026","Agentforce","United States","","Agentforce; Success Cloud","Raluca Oltean-Revel","AMER","United States","English","Customer; Prospect","SBE; SB; GRB; MM; GB; EBU",""
"6/9 Agentforce Webinar - Scale Agents, not Complexity, with Multi-Agent Orchestr","6/10/2026","Agentforce","United States","","Agentforce","Sian Desmond","AMER","United States","English","Customer; Prospect","SB; GRB; MM; GB; EBU",""
"6/9 Agentforce Webinar - Canada Offer","6/10/2026","Agentforce","Canada","","Agentforce","Sian Desmond","AMER","Canada","English","Customer; Prospect","SB; GRB; MM; GB; EBU",""
"Small Business Service Playbook","5/20/2026","Agentforce Service","United States","","Agentforce; Agentforce Commerce; Agentforce Consumer Goods; Agentforce Service; Service Cloud Essentials","Hassan Khider","AMER","United States","English","Customer; Prospect","SBE; SB; GRB; GB",""
"EDO | Everybody's Demo Org - General Email [US]","5/20/2026","Agentforce Sales","United States","","Agentforce; Agentforce Sales; High Velocity Sales; Marketing Cloud","Karin Cayia","AMER","United States","English","Customer; Prospect","SBE; SB; GRB; MM; GB; EBU",""
"EMEA_SMB_GB_service_playbook","5/21/2026","Agentforce Service","United States","","Agentforce; Agentforce Commerce; Agentforce Consumer Goods; Agentforce Service; Service Cloud Essentials","Hassan Khider","AMER","United States","English","Customer; Prospect","SBE; SB; GRB; GB",""
"FY27_Q2_GFM_US_Agentforce_grid_webinar_recording_DSE","6/8/2026","Agentforce","United States","","Agentforce","Raluca Oltean-Revel","AMER","United States","English","Customer; Prospect","SBE; SB; GRB; MM; GB; EBU",""
